,bu_id,name,gps_loc
0,B0109,FerryLand,4.60267
1,B0109,FerryLand,-39.82472
,,,32.01805
,,,154.74432
